{
    "length": {
        "meter": 1.0,
        "centimeter": 0.01,
        "millimeter": 0.001,
        "kilometer": 1000.0,
        "feet": 0.3048,
        "inches": 0.0254,
        "yard": 0.9144,
        "mile": 1609.344,
        "nautical_mile": 1852.001
    },
    "time": {
        "second": 1.0,
        "minute": 60.0,
        "hour": 3600.0,
        "day": 86400.0
    },
    "mass": {
        "kilogram": 1.0,
        "gram": 0.001,
        "milligram": 1e-06,
        "tonne": 1000,
        "us_ton": 907.1847,
        "pound": 0.4535924,
        "ounce": 0.02834952
    },
    "temperature": {
        "celsius": [
            1.0,
            0.0
        ],
        "kelvin": [
            1.0,
            273.15
        ],
        "fahrenheit": [
            1.8,
            32.0
        ]
    },
    "volume": {
        "liter": 1.0,
        "milliliter": 0.001,
        "cup": 0.2365875,
        "teaspoon": 0.004928906,
        "gallon": 3.7854,
        "cubic_centimeter": 0.001,
        "cubic_meter": 1000
    },
    "area": {
        "square_meter": 1.0,
        "square_centimeter": 0.0001,
        "square_millimeter": 1e-06,
        "square_inch": 0.00064516,
        "square_feet": 0.09290304,
        "square_mile": 2589988,
        "acre": 4046.86,
        "hectare": 10000,
        "are": 100
    },
    "speed": {
        "km/h": 1.0,
        "m/s": 3.6,
        "km/s": 3600,
        "mph": 1.609344,
        "ft/s": 1.09728,
        "knot": 1.852001,
        "mach": 1234.8
    }
}