{
    "length": {
        "meters": 1.0,
        "centimeters": 0.01,
        "millimeters": 0.001,
        "kilometers": 1000.0,
        "feet": 0.3048,
        "inches": 0.0254,
        "yards": 0.9144,
        "miles": 1609.344,
        "nautical_miles": 1852.001
    },
    "time": {
        "seconds": 1.0,
        "minutes": 60.0,
        "hours": 3600.0,
        "days": 86400.0,
        "weeks": 604800.0,
        "months": 2592000.0,
        "years": 31557600.0,
        "decades": 315576000.0,
        "centuries": 3155760000.0,
        "milliseconds": 0.001,
        "microseconds": 1e-06
    },
    "mass": {
        "kilograms": 1.0,
        "grams": 0.001,
        "milligrams": 1e-06,
        "tonne": 1000,
        "us_ton": 907.1847,
        "pounds": 0.4535924,
        "ounce": 0.02834952
    },
    "temperature": {
        "celsius": [
            1.0,
            0.0
        ],
        "kelvin": [
            1.0,
            273.15
        ],
        "fahrenheit": [
            1.8,
            32.0
        ]
    },
    "volume": {
        "liters": 1.0,
        "milliliters": 0.001,
        "cups": 0.2365875,
        "teaspoons": 0.004928906,
        "gallons": 3.7854,
        "cubic_centimeters": 0.001,
        "cubic_meters": 1000
    },
    "area": {
        "square_meters": 1.0,
        "square_centimeters": 0.0001,
        "square_millimeters": 1e-06,
        "square_inches": 0.00064516,
        "square_feet": 0.09290304,
        "square_miles": 2589988,
        "acres": 4046.86,
        "hectares": 10000,
        "are": 100
    },
    "speed": {
        "kilometers_per_hour": 1.0,
        "meters_per_second": 3.6,
        "kilometers_per_second": 3600,
        "miles_per_hour": 1.609344,
        "feet_per_second": 1.09728,
        "knots": 1.852001,
        "mach": 1234.8
    }
}